<?xml version="1.0" encoding="UTF-8" standalone="yes"?>
<projectConfiguration>
    <configVersion>2</configVersion>
    <relativeTo>WORKSPACE</relativeTo>
    <referencedLibrary type="PYTHON" name="pyautogui" path="Treino/Resources/Lib/pyautogui/__init__.py" dynamic="false"/>
    <referencedLibrary type="PYTHON" name="webdriver_manager" path="Treino/Resources/Lib/webdriver_manager/__init__.py" dynamic="false"/>
    <referencedLibrary type="PYTHON" name="FakerLibrary" path="Treino/Resources/Lib/FakerLibrary/__init__.py" dynamic="false"/>
    <referencedLibrary type="PYTHON" name="utils" path="Treino/Resources/Lib/utils/__init__.py" dynamic="false"/>
    <referencedLibrary type="PYTHON" name="SeleniumLibrary" path="Treino/Resources/Lib/SeleniumLibrary/__init__.py" dynamic="false"/>
    <referencedLibrary type="PYTHON" name="DatabaseLibrary" path="Treino/Resources/Lib/DatabaseLibrary/__init__.py" dynamic="false"/>
    <referencedLibrary type="PYTHON" name="LerPlanilha" path="Treino/Resources/Lib/LerPlanilha.py" dynamic="false"/>
    <referencedLibrary type="PYTHON" name="JSONLibrary" path="C:/Users/f685860/GIT/venv/Lib/site-packages/JSONLibrary/__init__.py" dynamic="false"/>
    <pythonpath>
        <path location="C:\GIT\SIGCB\SIGCB-teste-certificacao\Treino"/>
    </pythonpath>
    <classpath/>
    <excludedForValidation/>
    <isValidatedFileSizeCheckingEnabled>true</isValidatedFileSizeCheckingEnabled>
    <validatedFileMaxSize>1024</validatedFileMaxSize>
</projectConfiguration>
